https://www.amazon.com/s?i=beauty&k=shampoo&page=1,beauty,shampoo
https://www.amazon.com/s?i=beauty&k=shampoo&page=2,beauty,shampoo
https://www.amazon.com/s?i=beauty&k=shampoo&page=3,beauty,shampoo
https://www.amazon.com/s?i=beauty&k=shampoo&page=4,beauty,shampoo
https://www.amazon.com/s?i=beauty&k=shampoo&page=5,beauty,shampoo
https://www.amazon.com/s?i=beauty&k=shampoo&page=6,beauty,shampoo
https://www.amazon.com/s?i=beauty&k=shampoo&page=7,beauty,shampoo
https://www.amazon.com/s?i=beauty&k=shampoo&page=8,beauty,shampoo
https://www.amazon.com/s?i=beauty&k=shampoo&page=9,beauty,shampoo
https://www.amazon.com/s?i=beauty&k=shampoo&page=10,beauty,shampoo
https://www.amazon.com/s?i=beauty&k=shampoo&page=11,beauty,shampoo
https://www.amazon.com/s?i=beauty&k=shampoo&page=12,beauty,shampoo
https://www.amazon.com/s?i=beauty&k=shampoo&page=13,beauty,shampoo
https://www.amazon.com/s?i=beauty&k=shampoo&page=14,beauty,shampoo
https://www.amazon.com/s?i=beauty&k=shampoo&page=15,beauty,shampoo
https://www.amazon.com/s?i=beauty&k=shampoo&page=16,beauty,shampoo
https://www.amazon.com/s?i=beauty&k=shampoo&page=17,beauty,shampoo
https://www.amazon.com/s?i=beauty&k=shampoo&page=18,beauty,shampoo
https://www.amazon.com/s?i=beauty&k=shampoo&page=19,beauty,shampoo
https://www.amazon.com/s?i=beauty&k=shampoo&page=20,beauty,shampoo
https://www.amazon.com/s?i=beauty&k=shampoo&page=21,beauty,shampoo
https://www.amazon.com/s?i=beauty&k=shampoo&page=22,beauty,shampoo
https://www.amazon.com/s?i=beauty&k=shampoo&page=23,beauty,shampoo
https://www.amazon.com/s?i=beauty&k=shampoo&page=24,beauty,shampoo
https://www.amazon.com/s?i=beauty&k=shampoo&page=25,beauty,shampoo
https://www.amazon.com/s?i=beauty&k=shampoo&page=26,beauty,shampoo
https://www.amazon.com/s?i=beauty&k=shampoo&page=27,beauty,shampoo
https://www.amazon.com/s?i=beauty&k=shampoo&page=28,beauty,shampoo
https://www.amazon.com/s?i=beauty&k=shampoo&page=29,beauty,shampoo
https://www.amazon.com/s?i=beauty&k=shampoo&page=30,beauty,shampoo
https://www.amazon.com/s?i=beauty&k=shampoo&page=31,beauty,shampoo
https://www.amazon.com/s?i=beauty&k=shampoo&page=32,beauty,shampoo
https://www.amazon.com/s?i=beauty&k=shampoo&page=33,beauty,shampoo
https://www.amazon.com/s?i=beauty&k=shampoo&page=34,beauty,shampoo
https://www.amazon.com/s?i=beauty&k=shampoo&page=35,beauty,shampoo
https://www.amazon.com/s?i=beauty&k=shampoo&page=36,beauty,shampoo
https://www.amazon.com/s?i=beauty&k=shampoo&page=37,beauty,shampoo
https://www.amazon.com/s?i=beauty&k=shampoo&page=38,beauty,shampoo
https://www.amazon.com/s?i=beauty&k=shampoo&page=39,beauty,shampoo
https://www.amazon.com/s?i=beauty&k=shampoo&page=40,beauty,shampoo
https://www.amazon.com/s?i=beauty&k=shampoo&page=41,beauty,shampoo
https://www.amazon.com/s?i=beauty&k=shampoo&page=42,beauty,shampoo
https://www.amazon.com/s?i=beauty&k=shampoo&page=43,beauty,shampoo
https://www.amazon.com/s?i=beauty&k=shampoo&page=44,beauty,shampoo
https://www.amazon.com/s?i=beauty&k=shampoo&page=45,beauty,shampoo
https://www.amazon.com/s?i=beauty&k=shampoo&page=46,beauty,shampoo
https://www.amazon.com/s?i=beauty&k=shampoo&page=47,beauty,shampoo
https://www.amazon.com/s?i=beauty&k=shampoo&page=48,beauty,shampoo
https://www.amazon.com/s?i=beauty&k=shampoo&page=49,beauty,shampoo
https://www.amazon.com/s?i=beauty&k=shampoo&page=50,beauty,shampoo
https://www.amazon.com/s?i=beauty&k=shampoo&page=51,beauty,shampoo
https://www.amazon.com/s?i=beauty&k=shampoo&page=52,beauty,shampoo
https://www.amazon.com/s?i=beauty&k=shampoo&page=53,beauty,shampoo
https://www.amazon.com/s?i=beauty&k=shampoo&page=54,beauty,shampoo
https://www.amazon.com/s?i=beauty&k=shampoo&page=55,beauty,shampoo
https://www.amazon.com/s?i=beauty&k=shampoo&page=56,beauty,shampoo
https://www.amazon.com/s?i=beauty&k=shampoo&page=57,beauty,shampoo
https://www.amazon.com/s?i=beauty&k=shampoo&page=58,beauty,shampoo
https://www.amazon.com/s?i=beauty&k=shampoo&page=59,beauty,shampoo
https://www.amazon.com/s?i=beauty&k=shampoo&page=60,beauty,shampoo
https://www.amazon.com/s?i=beauty&k=shampoo&page=61,beauty,shampoo
https://www.amazon.com/s?i=beauty&k=shampoo&page=62,beauty,shampoo
https://www.amazon.com/s?i=beauty&k=shampoo&page=63,beauty,shampoo
https://www.amazon.com/s?i=beauty&k=shampoo&page=64,beauty,shampoo
https://www.amazon.com/s?i=beauty&k=shampoo&page=65,beauty,shampoo
https://www.amazon.com/s?i=beauty&k=shampoo&page=66,beauty,shampoo
https://www.amazon.com/s?i=beauty&k=shampoo&page=67,beauty,shampoo
https://www.amazon.com/s?i=beauty&k=shampoo&page=68,beauty,shampoo
https://www.amazon.com/s?i=beauty&k=shampoo&page=69,beauty,shampoo
https://www.amazon.com/s?i=beauty&k=shampoo&page=70,beauty,shampoo
https://www.amazon.com/s?i=beauty&k=shampoo&page=71,beauty,shampoo
https://www.amazon.com/s?i=beauty&k=shampoo&page=72,beauty,shampoo
https://www.amazon.com/s?i=beauty&k=shampoo&page=73,beauty,shampoo
https://www.amazon.com/s?i=beauty&k=shampoo&page=74,beauty,shampoo
https://www.amazon.com/s?i=beauty&k=shampoo&page=75,beauty,shampoo
https://www.amazon.com/s?i=beauty&k=shampoo&page=76,beauty,shampoo
https://www.amazon.com/s?i=beauty&k=shampoo&page=77,beauty,shampoo
https://www.amazon.com/s?i=beauty&k=shampoo&page=78,beauty,shampoo
https://www.amazon.com/s?i=beauty&k=shampoo&page=79,beauty,shampoo
https://www.amazon.com/s?i=beauty&k=shampoo&page=80,beauty,shampoo
https://www.amazon.com/s?i=beauty&k=shampoo&page=81,beauty,shampoo
https://www.amazon.com/s?i=beauty&k=shampoo&page=82,beauty,shampoo
https://www.amazon.com/s?i=beauty&k=shampoo&page=83,beauty,shampoo
https://www.amazon.com/s?i=beauty&k=shampoo&page=84,beauty,shampoo
https://www.amazon.com/s?i=beauty&k=shampoo&page=85,beauty,shampoo
https://www.amazon.com/s?i=beauty&k=shampoo&page=86,beauty,shampoo
https://www.amazon.com/s?i=beauty&k=shampoo&page=87,beauty,shampoo
https://www.amazon.com/s?i=beauty&k=shampoo&page=88,beauty,shampoo
https://www.amazon.com/s?i=beauty&k=shampoo&page=89,beauty,shampoo
https://www.amazon.com/s?i=beauty&k=shampoo&page=90,beauty,shampoo
https://www.amazon.com/s?i=beauty&k=shampoo&page=91,beauty,shampoo
https://www.amazon.com/s?i=beauty&k=shampoo&page=92,beauty,shampoo
https://www.amazon.com/s?i=beauty&k=shampoo&page=93,beauty,shampoo
https://www.amazon.com/s?i=beauty&k=shampoo&page=94,beauty,shampoo
https://www.amazon.com/s?i=beauty&k=shampoo&page=95,beauty,shampoo
https://www.amazon.com/s?i=beauty&k=shampoo&page=96,beauty,shampoo
https://www.amazon.com/s?i=beauty&k=shampoo&page=97,beauty,shampoo
https://www.amazon.com/s?i=beauty&k=shampoo&page=98,beauty,shampoo
https://www.amazon.com/s?i=beauty&k=shampoo&page=99,beauty,shampoo
https://www.amazon.com/s?i=beauty&k=shampoo&page=100,beauty,shampoo
https://www.amazon.com/s?i=beauty&k=shampoo&page=101,beauty,shampoo
https://www.amazon.com/s?i=beauty&k=shampoo&page=102,beauty,shampoo
https://www.amazon.com/s?i=beauty&k=shampoo&page=103,beauty,shampoo
https://www.amazon.com/s?i=beauty&k=shampoo&page=104,beauty,shampoo
https://www.amazon.com/s?i=beauty&k=shampoo&page=105,beauty,shampoo
https://www.amazon.com/s?i=beauty&k=shampoo&page=106,beauty,shampoo
https://www.amazon.com/s?i=beauty&k=shampoo&page=107,beauty,shampoo
https://www.amazon.com/s?i=beauty&k=shampoo&page=108,beauty,shampoo
https://www.amazon.com/s?i=beauty&k=shampoo&page=109,beauty,shampoo
https://www.amazon.com/s?i=beauty&k=shampoo&page=110,beauty,shampoo
https://www.amazon.com/s?i=beauty&k=shampoo&page=111,beauty,shampoo
https://www.amazon.com/s?i=beauty&k=shampoo&page=112,beauty,shampoo
https://www.amazon.com/s?i=beauty&k=shampoo&page=113,beauty,shampoo
https://www.amazon.com/s?i=beauty&k=shampoo&page=114,beauty,shampoo
https://www.amazon.com/s?i=beauty&k=shampoo&page=115,beauty,shampoo
https://www.amazon.com/s?i=beauty&k=shampoo&page=116,beauty,shampoo
https://www.amazon.com/s?i=beauty&k=shampoo&page=117,beauty,shampoo
https://www.amazon.com/s?i=beauty&k=shampoo&page=118,beauty,shampoo
https://www.amazon.com/s?i=beauty&k=shampoo&page=119,beauty,shampoo
https://www.amazon.com/s?i=beauty&k=shampoo&page=120,beauty,shampoo
https://www.amazon.com/s?i=beauty&k=shampoo&page=121,beauty,shampoo
https://www.amazon.com/s?i=beauty&k=shampoo&page=122,beauty,shampoo
https://www.amazon.com/s?i=beauty&k=shampoo&page=123,beauty,shampoo
https://www.amazon.com/s?i=beauty&k=shampoo&page=124,beauty,shampoo
https://www.amazon.com/s?i=beauty&k=shampoo&page=125,beauty,shampoo
https://www.amazon.com/s?i=beauty&k=shampoo&page=126,beauty,shampoo
https://www.amazon.com/s?i=beauty&k=shampoo&page=127,beauty,shampoo
https://www.amazon.com/s?i=beauty&k=shampoo&page=128,beauty,shampoo
https://www.amazon.com/s?i=beauty&k=shampoo&page=129,beauty,shampoo
https://www.amazon.com/s?i=beauty&k=shampoo&page=130,beauty,shampoo
https://www.amazon.com/s?i=beauty&k=shampoo&page=131,beauty,shampoo
https://www.amazon.com/s?i=beauty&k=shampoo&page=132,beauty,shampoo
https://www.amazon.com/s?i=beauty&k=shampoo&page=133,beauty,shampoo
https://www.amazon.com/s?i=beauty&k=shampoo&page=134,beauty,shampoo
https://www.amazon.com/s?i=beauty&k=shampoo&page=135,beauty,shampoo
https://www.amazon.com/s?i=beauty&k=shampoo&page=136,beauty,shampoo
https://www.amazon.com/s?i=beauty&k=shampoo&page=137,beauty,shampoo
https://www.amazon.com/s?i=beauty&k=shampoo&page=138,beauty,shampoo
https://www.amazon.com/s?i=beauty&k=shampoo&page=139,beauty,shampoo
https://www.amazon.com/s?i=beauty&k=shampoo&page=140,beauty,shampoo
https://www.amazon.com/s?i=beauty&k=shampoo&page=141,beauty,shampoo
https://www.amazon.com/s?i=beauty&k=shampoo&page=142,beauty,shampoo
https://www.amazon.com/s?i=beauty&k=shampoo&page=143,beauty,shampoo
https://www.amazon.com/s?i=beauty&k=shampoo&page=144,beauty,shampoo
https://www.amazon.com/s?i=beauty&k=shampoo&page=145,beauty,shampoo
https://www.amazon.com/s?i=beauty&k=shampoo&page=146,beauty,shampoo
https://www.amazon.com/s?i=beauty&k=shampoo&page=147,beauty,shampoo
https://www.amazon.com/s?i=beauty&k=shampoo&page=148,beauty,shampoo
https://www.amazon.com/s?i=beauty&k=shampoo&page=149,beauty,shampoo
https://www.amazon.com/s?i=beauty&k=shampoo&page=150,beauty,shampoo
https://www.amazon.com/s?i=beauty&k=shampoo&page=151,beauty,shampoo
https://www.amazon.com/s?i=beauty&k=shampoo&page=152,beauty,shampoo
https://www.amazon.com/s?i=beauty&k=shampoo&page=153,beauty,shampoo
https://www.amazon.com/s?i=beauty&k=shampoo&page=154,beauty,shampoo
https://www.amazon.com/s?i=beauty&k=shampoo&page=155,beauty,shampoo
https://www.amazon.com/s?i=beauty&k=shampoo&page=156,beauty,shampoo
https://www.amazon.com/s?i=beauty&k=shampoo&page=157,beauty,shampoo
https://www.amazon.com/s?i=beauty&k=shampoo&page=158,beauty,shampoo
https://www.amazon.com/s?i=beauty&k=shampoo&page=159,beauty,shampoo
https://www.amazon.com/s?i=beauty&k=shampoo&page=160,beauty,shampoo
https://www.amazon.com/s?i=beauty&k=shampoo&page=161,beauty,shampoo
https://www.amazon.com/s?i=beauty&k=shampoo&page=162,beauty,shampoo
https://www.amazon.com/s?i=beauty&k=shampoo&page=163,beauty,shampoo
https://www.amazon.com/s?i=beauty&k=shampoo&page=164,beauty,shampoo
https://www.amazon.com/s?i=beauty&k=shampoo&page=165,beauty,shampoo
https://www.amazon.com/s?i=beauty&k=shampoo&page=166,beauty,shampoo
https://www.amazon.com/s?i=beauty&k=shampoo&page=167,beauty,shampoo
https://www.amazon.com/s?i=beauty&k=shampoo&page=168,beauty,shampoo
https://www.amazon.com/s?i=beauty&k=shampoo&page=169,beauty,shampoo
https://www.amazon.com/s?i=beauty&k=shampoo&page=170,beauty,shampoo
https://www.amazon.com/s?i=beauty&k=shampoo&page=171,beauty,shampoo
https://www.amazon.com/s?i=beauty&k=shampoo&page=172,beauty,shampoo
https://www.amazon.com/s?i=beauty&k=shampoo&page=173,beauty,shampoo
https://www.amazon.com/s?i=beauty&k=shampoo&page=174,beauty,shampoo
https://www.amazon.com/s?i=beauty&k=shampoo&page=175,beauty,shampoo
https://www.amazon.com/s?i=beauty&k=shampoo&page=176,beauty,shampoo
https://www.amazon.com/s?i=beauty&k=shampoo&page=177,beauty,shampoo
https://www.amazon.com/s?i=beauty&k=shampoo&page=178,beauty,shampoo
https://www.amazon.com/s?i=beauty&k=shampoo&page=179,beauty,shampoo
https://www.amazon.com/s?i=beauty&k=shampoo&page=180,beauty,shampoo
https://www.amazon.com/s?i=beauty&k=shampoo&page=181,beauty,shampoo
https://www.amazon.com/s?i=beauty&k=shampoo&page=182,beauty,shampoo
https://www.amazon.com/s?i=beauty&k=shampoo&page=183,beauty,shampoo
https://www.amazon.com/s?i=beauty&k=shampoo&page=184,beauty,shampoo
https://www.amazon.com/s?i=beauty&k=shampoo&page=185,beauty,shampoo
https://www.amazon.com/s?i=beauty&k=shampoo&page=186,beauty,shampoo
https://www.amazon.com/s?i=beauty&k=shampoo&page=187,beauty,shampoo
https://www.amazon.com/s?i=beauty&k=shampoo&page=188,beauty,shampoo
https://www.amazon.com/s?i=beauty&k=shampoo&page=189,beauty,shampoo
https://www.amazon.com/s?i=beauty&k=shampoo&page=190,beauty,shampoo
https://www.amazon.com/s?i=beauty&k=shampoo&page=191,beauty,shampoo
https://www.amazon.com/s?i=beauty&k=shampoo&page=192,beauty,shampoo
https://www.amazon.com/s?i=beauty&k=shampoo&page=193,beauty,shampoo
https://www.amazon.com/s?i=beauty&k=shampoo&page=194,beauty,shampoo
https://www.amazon.com/s?i=beauty&k=shampoo&page=195,beauty,shampoo
https://www.amazon.com/s?i=beauty&k=shampoo&page=196,beauty,shampoo
https://www.amazon.com/s?i=beauty&k=shampoo&page=197,beauty,shampoo
https://www.amazon.com/s?i=beauty&k=shampoo&page=198,beauty,shampoo
https://www.amazon.com/s?i=beauty&k=shampoo&page=199,beauty,shampoo
https://www.amazon.com/s?i=beauty&k=shampoo&page=200,beauty,shampoo
https://www.amazon.com/s?i=beauty&k=shampoo&page=201,beauty,shampoo
https://www.amazon.com/s?i=beauty&k=shampoo&page=202,beauty,shampoo
https://www.amazon.com/s?i=beauty&k=shampoo&page=203,beauty,shampoo
https://www.amazon.com/s?i=beauty&k=shampoo&page=204,beauty,shampoo
https://www.amazon.com/s?i=beauty&k=shampoo&page=205,beauty,shampoo
https://www.amazon.com/s?i=beauty&k=shampoo&page=206,beauty,shampoo
https://www.amazon.com/s?i=beauty&k=shampoo&page=207,beauty,shampoo
https://www.amazon.com/s?i=beauty&k=shampoo&page=208,beauty,shampoo
https://www.amazon.com/s?i=beauty&k=shampoo&page=209,beauty,shampoo
https://www.amazon.com/s?i=beauty&k=shampoo&page=210,beauty,shampoo
https://www.amazon.com/s?i=beauty&k=shampoo&page=211,beauty,shampoo
https://www.amazon.com/s?i=beauty&k=shampoo&page=212,beauty,shampoo
https://www.amazon.com/s?i=beauty&k=shampoo&page=213,beauty,shampoo
https://www.amazon.com/s?i=beauty&k=shampoo&page=214,beauty,shampoo
https://www.amazon.com/s?i=beauty&k=shampoo&page=215,beauty,shampoo
https://www.amazon.com/s?i=beauty&k=shampoo&page=216,beauty,shampoo
https://www.amazon.com/s?i=beauty&k=shampoo&page=217,beauty,shampoo
https://www.amazon.com/s?i=beauty&k=shampoo&page=218,beauty,shampoo
https://www.amazon.com/s?i=beauty&k=shampoo&page=219,beauty,shampoo
https://www.amazon.com/s?i=beauty&k=shampoo&page=220,beauty,shampoo
https://www.amazon.com/s?i=beauty&k=shampoo&page=221,beauty,shampoo
https://www.amazon.com/s?i=beauty&k=shampoo&page=222,beauty,shampoo
https://www.amazon.com/s?i=beauty&k=shampoo&page=223,beauty,shampoo
https://www.amazon.com/s?i=beauty&k=shampoo&page=224,beauty,shampoo
https://www.amazon.com/s?i=beauty&k=shampoo&page=225,beauty,shampoo
https://www.amazon.com/s?i=beauty&k=shampoo&page=226,beauty,shampoo
https://www.amazon.com/s?i=beauty&k=shampoo&page=227,beauty,shampoo
https://www.amazon.com/s?i=beauty&k=shampoo&page=228,beauty,shampoo
https://www.amazon.com/s?i=beauty&k=shampoo&page=229,beauty,shampoo
https://www.amazon.com/s?i=beauty&k=shampoo&page=230,beauty,shampoo
https://www.amazon.com/s?i=beauty&k=shampoo&page=231,beauty,shampoo
https://www.amazon.com/s?i=beauty&k=shampoo&page=232,beauty,shampoo
https://www.amazon.com/s?i=beauty&k=shampoo&page=233,beauty,shampoo
https://www.amazon.com/s?i=beauty&k=shampoo&page=234,beauty,shampoo
https://www.amazon.com/s?i=beauty&k=shampoo&page=235,beauty,shampoo
https://www.amazon.com/s?i=beauty&k=shampoo&page=236,beauty,shampoo
https://www.amazon.com/s?i=beauty&k=shampoo&page=237,beauty,shampoo
https://www.amazon.com/s?i=beauty&k=shampoo&page=238,beauty,shampoo
https://www.amazon.com/s?i=beauty&k=shampoo&page=239,beauty,shampoo
https://www.amazon.com/s?i=beauty&k=shampoo&page=240,beauty,shampoo
https://www.amazon.com/s?i=beauty&k=shampoo&page=241,beauty,shampoo
https://www.amazon.com/s?i=beauty&k=shampoo&page=242,beauty,shampoo
https://www.amazon.com/s?i=beauty&k=shampoo&page=243,beauty,shampoo
https://www.amazon.com/s?i=beauty&k=shampoo&page=244,beauty,shampoo
https://www.amazon.com/s?i=beauty&k=shampoo&page=245,beauty,shampoo
https://www.amazon.com/s?i=beauty&k=shampoo&page=246,beauty,shampoo
https://www.amazon.com/s?i=beauty&k=shampoo&page=247,beauty,shampoo
https://www.amazon.com/s?i=beauty&k=shampoo&page=248,beauty,shampoo
https://www.amazon.com/s?i=beauty&k=shampoo&page=249,beauty,shampoo
https://www.amazon.com/s?i=beauty&k=shampoo&page=250,beauty,shampoo
https://www.amazon.com/s?i=beauty&k=shampoo&page=251,beauty,shampoo
https://www.amazon.com/s?i=beauty&k=shampoo&page=252,beauty,shampoo
https://www.amazon.com/s?i=beauty&k=shampoo&page=253,beauty,shampoo
https://www.amazon.com/s?i=beauty&k=shampoo&page=254,beauty,shampoo
https://www.amazon.com/s?i=beauty&k=shampoo&page=255,beauty,shampoo
https://www.amazon.com/s?i=beauty&k=shampoo&page=256,beauty,shampoo
https://www.amazon.com/s?i=beauty&k=shampoo&page=257,beauty,shampoo
https://www.amazon.com/s?i=beauty&k=shampoo&page=258,beauty,shampoo
https://www.amazon.com/s?i=beauty&k=shampoo&page=259,beauty,shampoo
https://www.amazon.com/s?i=beauty&k=shampoo&page=260,beauty,shampoo
https://www.amazon.com/s?i=beauty&k=shampoo&page=261,beauty,shampoo
https://www.amazon.com/s?i=beauty&k=shampoo&page=262,beauty,shampoo
https://www.amazon.com/s?i=beauty&k=shampoo&page=263,beauty,shampoo
https://www.amazon.com/s?i=beauty&k=shampoo&page=264,beauty,shampoo
https://www.amazon.com/s?i=beauty&k=shampoo&page=265,beauty,shampoo
https://www.amazon.com/s?i=beauty&k=shampoo&page=266,beauty,shampoo
https://www.amazon.com/s?i=beauty&k=shampoo&page=267,beauty,shampoo
https://www.amazon.com/s?i=beauty&k=shampoo&page=268,beauty,shampoo
https://www.amazon.com/s?i=beauty&k=shampoo&page=269,beauty,shampoo
https://www.amazon.com/s?i=beauty&k=shampoo&page=270,beauty,shampoo
https://www.amazon.com/s?i=beauty&k=shampoo&page=271,beauty,shampoo
https://www.amazon.com/s?i=beauty&k=shampoo&page=272,beauty,shampoo
https://www.amazon.com/s?i=beauty&k=shampoo&page=273,beauty,shampoo
https://www.amazon.com/s?i=beauty&k=shampoo&page=274,beauty,shampoo
https://www.amazon.com/s?i=beauty&k=shampoo&page=275,beauty,shampoo
https://www.amazon.com/s?i=beauty&k=shampoo&page=276,beauty,shampoo
https://www.amazon.com/s?i=beauty&k=shampoo&page=277,beauty,shampoo
https://www.amazon.com/s?i=beauty&k=shampoo&page=278,beauty,shampoo
https://www.amazon.com/s?i=beauty&k=shampoo&page=279,beauty,shampoo
https://www.amazon.com/s?i=beauty&k=shampoo&page=280,beauty,shampoo
https://www.amazon.com/s?i=beauty&k=shampoo&page=281,beauty,shampoo
https://www.amazon.com/s?i=beauty&k=shampoo&page=282,beauty,shampoo
https://www.amazon.com/s?i=beauty&k=shampoo&page=283,beauty,shampoo
https://www.amazon.com/s?i=beauty&k=shampoo&page=284,beauty,shampoo
https://www.amazon.com/s?i=beauty&k=shampoo&page=285,beauty,shampoo
https://www.amazon.com/s?i=beauty&k=shampoo&page=286,beauty,shampoo
https://www.amazon.com/s?i=beauty&k=shampoo&page=287,beauty,shampoo
https://www.amazon.com/s?i=beauty&k=shampoo&page=288,beauty,shampoo
https://www.amazon.com/s?i=beauty&k=shampoo&page=289,beauty,shampoo
https://www.amazon.com/s?i=beauty&k=shampoo&page=290,beauty,shampoo
https://www.amazon.com/s?i=beauty&k=shampoo&page=291,beauty,shampoo
https://www.amazon.com/s?i=beauty&k=shampoo&page=292,beauty,shampoo
https://www.amazon.com/s?i=beauty&k=shampoo&page=293,beauty,shampoo
https://www.amazon.com/s?i=beauty&k=shampoo&page=294,beauty,shampoo
https://www.amazon.com/s?i=beauty&k=shampoo&page=295,beauty,shampoo
https://www.amazon.com/s?i=beauty&k=shampoo&page=296,beauty,shampoo
https://www.amazon.com/s?i=beauty&k=shampoo&page=297,beauty,shampoo
https://www.amazon.com/s?i=beauty&k=shampoo&page=298,beauty,shampoo
https://www.amazon.com/s?i=beauty&k=shampoo&page=299,beauty,shampoo
https://www.amazon.com/s?i=beauty&k=shampoo&page=300,beauty,shampoo
https://www.amazon.com/s?i=beauty&k=shampoo&page=301,beauty,shampoo
https://www.amazon.com/s?i=beauty&k=shampoo&page=302,beauty,shampoo
https://www.amazon.com/s?i=beauty&k=shampoo&page=303,beauty,shampoo
https://www.amazon.com/s?i=beauty&k=shampoo&page=304,beauty,shampoo
https://www.amazon.com/s?i=beauty&k=shampoo&page=305,beauty,shampoo
https://www.amazon.com/s?i=beauty&k=shampoo&page=306,beauty,shampoo
https://www.amazon.com/s?i=beauty&k=shampoo&page=307,beauty,shampoo
https://www.amazon.com/s?i=beauty&k=shampoo&page=308,beauty,shampoo
https://www.amazon.com/s?i=beauty&k=shampoo&page=309,beauty,shampoo
https://www.amazon.com/s?i=beauty&k=shampoo&page=310,beauty,shampoo
https://www.amazon.com/s?i=beauty&k=shampoo&page=311,beauty,shampoo
https://www.amazon.com/s?i=beauty&k=shampoo&page=312,beauty,shampoo
https://www.amazon.com/s?i=beauty&k=shampoo&page=313,beauty,shampoo
https://www.amazon.com/s?i=beauty&k=shampoo&page=314,beauty,shampoo
https://www.amazon.com/s?i=beauty&k=shampoo&page=315,beauty,shampoo
https://www.amazon.com/s?i=beauty&k=shampoo&page=316,beauty,shampoo
https://www.amazon.com/s?i=beauty&k=shampoo&page=317,beauty,shampoo
https://www.amazon.com/s?i=beauty&k=shampoo&page=318,beauty,shampoo
https://www.amazon.com/s?i=beauty&k=shampoo&page=319,beauty,shampoo
https://www.amazon.com/s?i=beauty&k=shampoo&page=320,beauty,shampoo
https://www.amazon.com/s?i=beauty&k=shampoo&page=321,beauty,shampoo
https://www.amazon.com/s?i=beauty&k=shampoo&page=322,beauty,shampoo
https://www.amazon.com/s?i=beauty&k=shampoo&page=323,beauty,shampoo
https://www.amazon.com/s?i=beauty&k=shampoo&page=324,beauty,shampoo
https://www.amazon.com/s?i=beauty&k=shampoo&page=325,beauty,shampoo
https://www.amazon.com/s?i=beauty&k=shampoo&page=326,beauty,shampoo
https://www.amazon.com/s?i=beauty&k=shampoo&page=327,beauty,shampoo
https://www.amazon.com/s?i=beauty&k=shampoo&page=328,beauty,shampoo
https://www.amazon.com/s?i=beauty&k=shampoo&page=329,beauty,shampoo
https://www.amazon.com/s?i=beauty&k=shampoo&page=330,beauty,shampoo
https://www.amazon.com/s?i=beauty&k=shampoo&page=331,beauty,shampoo
https://www.amazon.com/s?i=beauty&k=shampoo&page=332,beauty,shampoo
https://www.amazon.com/s?i=beauty&k=shampoo&page=333,beauty,shampoo
https://www.amazon.com/s?i=beauty&k=shampoo&page=334,beauty,shampoo
https://www.amazon.com/s?i=beauty&k=shampoo&page=335,beauty,shampoo
https://www.amazon.com/s?i=beauty&k=shampoo&page=336,beauty,shampoo
https://www.amazon.com/s?i=beauty&k=shampoo&page=337,beauty,shampoo
https://www.amazon.com/s?i=beauty&k=shampoo&page=338,beauty,shampoo
https://www.amazon.com/s?i=beauty&k=shampoo&page=339,beauty,shampoo
https://www.amazon.com/s?i=beauty&k=shampoo&page=340,beauty,shampoo
https://www.amazon.com/s?i=beauty&k=shampoo&page=341,beauty,shampoo
https://www.amazon.com/s?i=beauty&k=shampoo&page=342,beauty,shampoo
https://www.amazon.com/s?i=beauty&k=shampoo&page=343,beauty,shampoo
https://www.amazon.com/s?i=beauty&k=shampoo&page=344,beauty,shampoo
https://www.amazon.com/s?i=beauty&k=shampoo&page=345,beauty,shampoo
https://www.amazon.com/s?i=beauty&k=shampoo&page=346,beauty,shampoo
https://www.amazon.com/s?i=beauty&k=shampoo&page=347,beauty,shampoo
https://www.amazon.com/s?i=beauty&k=shampoo&page=348,beauty,shampoo
https://www.amazon.com/s?i=beauty&k=shampoo&page=349,beauty,shampoo
https://www.amazon.com/s?i=beauty&k=shampoo&page=350,beauty,shampoo
https://www.amazon.com/s?i=beauty&k=shampoo&page=351,beauty,shampoo
